69002,HUNTER_LIGGET/TUSI&,CA,US,36,-121.23
69007,FORT_ORD/FRITZSCHE&,CA,US,36.68,-121.77
69008,CAMP_ROBERTS,CA,US,35.75,-120.7
69012,EGLIN_AFB_RNG_C52A&,FL,US,30.52,-86.3
69013,FALCON_RANGE______&,OK,US,34.65,-98.68
69014,EL_TORO_MCAS______&,CA,US,33.67,-117.73
69016,TUSTIN_MCAS_______&,CA,US,33.7,-117.83
69017,IND_SPRNG_RANGE_63,NV,US,36.53,-115.57
69019,DYESS_AFB/ABILENE_&,TX,US,32.43,-99.85
70026,BARROW,AK,US,71.3,-156.78
70063,OUIKTOK,AK,US,70.5,-149.88
70086,BARTER IS.,AK,US,70.12,-143.63
70133,KOTZEBUE,AK,US,66.87,-162.63
70174,BETTLES,AK,US,66.9,-151.52
70194,FORT YUKON,AK,US,66.58,-145.08
70200,NOME,AK,US,64.5,-165.43
70207,UNALAKLEET,AK,US,63.88,-160.8
70219,BETHEL,AK,US,60.78,-161.8
70231,MCGRATH,AK,US,62.97,-155.62
70232,ANIAK,AK,US,61.58,-159.53
70251,TALKEETNA,AK,US,62.3,-150.1
70259,KENAI,AK,US,60.56,-151.25
70260,NENANA,AK,US,64.55,-149.08
70261,FAIRBANKS,AK,US,64.82,-147.87
70264,SUMMIT,AK,US,63.33,-149.12
70266,FT_GREELY/ALLEN,AK,US,63.97,-145.69
70267,BIG DELTA,AK,US,64,-145.73
70270,FT_RICHARDSON/B,AK,US,61.27,-149.65
70271,GULKANA,AK,US,62.15,-145.45
70273,ANCHORAGE,AK,US,61.17,-150.02
70275,VALDEZ,AK,US,61.13,-146.35
70291,NORTHWAY,AK,US,62.95,-141.92
70296,CORDOVA-MILE 13,AK,US,60.5,-145.5
70308,ST. PAUL ISLAND,AK,US,57.15,-170.22
70316,COLD BAY,AK,US,55.2,-162.72
70321,DILLINGHAM,AK,US,59.05,-158.52
70326,KING SALMON,AK,US,58.68,-156.64
70333,PORT HEIDEN,AK,US,56.95,-158.62
70340,ILIAMNA,AK,US,59.75,-154.92
70341,HOMER,AK,US,59.63,-151.5
70343,MIDDLETON IS.,AK,US,59.43,-146.33
70350,KODIAK,AK,US,57.75,-152.52
70361,YAKUTAT,AK,US,59.52,-139.67
70371,SITKA,AK,US,57.06,-135.35
70381,JUNEAU,AK,US,58.37,-134.58
70387,WRANGELL,AK,US,56.46,-132.38
70395,KETCHIKAN,AK,US,55.35,-131.7
70398,ANNETTE ISLAND,AK,US,55.03,-131.57
70414,SHMYA/EARECKSON_AFS,AK,US,52.72,174.12
70454,ADAK,AK,US,51.88,-176.65
70489,DUTCH HARBOR,AK,US,53.88,-166.53
71043,NORMAN WELLS,NT,CN,65.28,-126.8
71045,TESLIN,YT,CN,60.17,-132.75
71051,SACHS HARBOUR,NT,CN,72,-125.27
71062,CONTWOYTO LAKE,NT,CN,65.48,-110.37
71066,HIGH LEVEL,AB,CN,58.62,-117.17
71068,PEACE RIVER,AB,CN,56.23,-117.45
71069,WAGNER/SLAVE LAKE,AB,CN,55.3,-114.78
71072,MOULD BAY,NT,CN,76.23,-119.32
71073,FORT RELIANCE,NT,CN,62.72,-109.17
71076,URANIUM CITY,SK,CN,59.57,-108.48
71077,BUFFALO NARROWS,SK,CN,55.83,-108.43
71078,LYNN LAKE,MB,CN,56.87,-101.07
71079,THOMPSON,MB,CN,55.8,-97.87
71090,CLYDE,NT,CN,70.47,-68.62
71101,SANDSPIT,BC,CN,53.25,-131.82
71102,ETHELDA BAY,BC,CN,53.05,-129.67
71103,QUESNAL,BC,CN,53.03,-122.52
71104,WILLIAMS LAKE,BC,CN,52.18,-122.05
71107,CAPE ST. JAMES,BC,CN,51.93,-131.02
71108,ABBOTSFORD,BC,CN,49.03,-122.37
71109,PORT HARDY,BC,CN,50.68,-127.37
71114,HOPE,BC,CN,49.37,-121.48
71120,COLD LAKE,AB,CN,54.42,-110.28
71121,EDMONTON/NAMAO,AB,CN,53.67,-113.47
71122,BANFF,AB,CN,51.18,-115.57
71123,EDMONTON,AB,CN,53.32,-113.58
71125,MEADOW LAKE,SK,CN,54.13,-108.52
71129,KINDERSLEY,SK,CN,51.47,-109.17
71135,ROCKGLEN,SK,CN,49.17,-105.97
71138,YORKTON,SK,CN,51.27,-102.47
71140,BRANDON,MB,CN,49.92,-99.95
71143,BISSETT,MB,CN,51.03,-95.67
71145,ISLAND LAKE,MB,CN,53.87,-94.67
71182,CHURCHILL FALLS,NF,CN,53.55,-64.1
71187,BAIE COMEAU,PQ,CN,49.13,-68.19
71188,GASPE,PQ,CN,48.77,-64.48
71193,COMFORT COVE,NF,CN,49.27,-54.88
71196,BONAVISTA,NF,CN,48.7,-53.1
71395,HALIFAX,NS,CN,44.88,-63.51
71398,TRURO,NS,CN,45.37,-63.27
71399,SHELBURNE,NS,CN,43.72,-65.25
71527,SIMCOE,ON,CN,42.85,-80.26
71538,WINDSOR,ON,CN,42.27,-82.97
71600,SABLE ISLAND,NS,CN,43.93,-60.02
71601,SHEARWATER,NS,CN,44.63,-63.5
71603,YARMOUTH,NS,CN,43.83,-66.08
71604,EDDY POINT,NS,CN,45.52,-61.25
71609,ST. JOHN,NB,CN,45.32,-65.87
71610,SHERBROOKE,PQ,CN,45.43,-71.68
71620,KINGSTON,ON,CN,44.22,-76.6
71621,TRENTON,ON,CN,44.12,-77.53
71623,LONDON,ON,CN,43.03,-81.15
71624,TORONTO/MALTON,ON,CN,43.68,-79.62
71625,PETAWAWA,ON,CN,45.95,-77.32
71626,MONTREAL/MIRABEL,PQ,CN,45.68,-74.03
71627,MONTREAL/DORVAL,PQ,CN,45.47,-73.75
71628,OTTAWA,ON,CN,45.32,-75.67
71630,MUSKOKA,ON,CN,44.97,-79.3
71631,MT. FOREST,ON,CN,43.98,-80.75
71633,WIARTON,ON,CN,44.75,-81.1
71700,FREDERICTON,NB,CN,45.87,-66.53
71701,GAGETOWN,NB,CN,45.83,-66.43
71702,SUMMERSIDE,PE,CN,46.43,-63.83
71705,MONCTON,NB,CN,46.12,-64.68
71706,CHARLOTTETOWN,PE,CN,46.28,-63.13
71707,SYDNEY,NS,CN,46.17,-60.05
71709,GRINDSTONE IS.,PQ,CN,47.38,-61.87
71711,CHARLO,NB,CN,48,-66.33
71714,QUEBEC,PQ,CN,46.8,-71.4
71716,VALCARTIER,QB,CN,46.9,-71.5
71717,CHATHAM,NB,CN,47.02,-65.44
71718,MONT JOLI,PQ,CN,48.62,-68.22
71720,STE. AGATHE DES MONTS,PQ,CN,46.05,-74.28
71722,MANIWAKI,QB,CN,46.38,-75.97
71725,VAL D'OR,PQ,CN,48.05,-77.78
71727,BAGOTVILLE,PQ,CN,48.33,-71
71730,SUDBURY,ON,CN,46.63,-80.8
71731,NORTH BAY,ON,CN,46.37,-79.42
71733,GORE BAY,ON,CN,45.88,-82.57
71735,EARLTON,ON,CN,47.7,-79.85
71739,TIMMINS,ON,CN,48.57,-81.37
71749,THUNDER BAY,ON,CN,48.37,-89.32
71799,VICTORIA,BC,CN,48.65,-123.43
71801,ST. JOHN'S/TORBAY,NF,CN,47.62,-52.75
71803,GANDER,NF,CN,48.95,-54.57
71805,ST. PIERRE-MIQUELON,,FR,46.77,-56.17
71808,BLANC SABLON,PQ,CN,51.45,-57.18
71809,DEER LAKE,NF,CN,49.22,-57.4
71811,SEPT ILES,PQ,CN,50.22,-66.26
71813,NATASHQUAN,PQ,CN,50.18,-61.82
71815,STEPHENVILLE,NF,CN,48.53,-58.55
71816,GOOSE BAY,NF,CN,53.32,-60.42
71819,ST. ANTHONY,NF,CN,51.37,-55.63
71821,MATAGAMI,PQ,CN,49.77,-77.8
71822,CHIBOUGAMAU,PQ,CN,49.82,-74.42
71825,WABUSH LAKE,NF,CN,52.93,-66.87
71826,NITCHEQUON,PQ,CN,53.2,-70.9
71828,SCHEFFERVILLE,PQ,CN,54.8,-66.8
71831,KAPUSKASING,ON,CN,49.42,-82.47
71834,GERALDTON,ON,CN,49.78,-86.93
71836,MOOSONEE,ON,CN,51.27,-80.65
71841,ARMSTRONG,ON,CN,50.28,-88.92
71842,SIOUX LOOKOUT,ON,CN,50.12,-91.9
71846,LANSDOWNE HOUSE,ON,CN,52.23,-87.88
71848,TROUT LAKE,ON,CN,53.83,-89.87
71850,KENORA,ON,CN,49.78,-94.37
71851,PORTAGE LA PRAIRIE,MB,CN,49.9,-98.27
71852,WINNIPEG,MB,CN,49.92,-97.23
71854,RED LAKE,ON,CN,51.07,-93.8
71855,DAUPHIN,MB,CN,51.1,-100.05
71856,GIMLI,MB,CN,50.62,-96.98
71858,GRAND RAPIDS,MB,CN,53.18,-99.27
71861,BROADVIEW,SK,CN,50.38,-102.68
71862,ESTEVAN,SK,CN,49.07,-103
71863,REGINA,SK,CN,50.43,-104.67
71864,MOOSE JAW,SK,CN,50.33,-105.55
71865,WYNYARD,SK,CN,51.77,-104.2
71866,SASKATOON,SK,CN,52.17,-106.7
71867,THE PAS,MB,CN,53.97,-101.1
71868,HUDSON BAY,SK,CN,52.82,-102.32
71869,PRINCE ALBERT,SK,CN,53.22,-105.68
71870,SWIFT CURRENT,SK,CN,50.3,-107.68
71871,LLOYDMINSTER,AB,CN,53.25,-110.07
71872,MEDICINE HAT,AB,CN,50.02,-110.72
71873,CORONATION,AB,CN,52.07,-111.45
71874,LETHBRIDGE,AB,CN,49.63,-112.8
71876,NORTH BATTLEFORD,SK,CN,52.77,-108.25
71877,CALGARY,AB,CN,51.12,-114.02
71878,RED DEER,AB,CN,52.18,-113.9
71879,EDMONTON,AB,CN,53.57,-113.52
71880,CRANBROOK,BC,CN,49.62,-115.78
71881,EDSON,AB,CN,53.58,-116.45
71882,REVELSTOKE,BC,CN,50.97,-118.18
71884,CASTLEGAR,BC,CN,49.3,-117.63
71887,KAMLOOPS,BC,CN,50.7,-120.45
71888,JASPER,AB,CN,52.88,-118.07
71889,PENTICTON,BC,CN,49.47,-119.6
71890,NANAIMO,BC,CN,49.05,-123.87
71891,LYTTON,BC,CN,50.23,-121.58
71892,VANCOUVER,BC,CN,49.18,-123.17
71893,COMOX,BC,CN,49.72,-124.9
71896,PRINCE GEORGE,BC,CN,53.88,-122.67
71898,PRINCE RUPERT,BC,CN,54.3,-130.45
71899,LANGARA,BC,CN,54.25,-133.05
71900,HOPEDALE,NF,CN,55.45,-60.23
71905,KUUJJUARAPIK,PQ,CN,55.28,-77.76
71906,KUUJJUAQ,PQ,CN,58.1,-68.42
71907,INUKJUAK,PQ,CN,58.45,-78.12
71909,FROBISHER,NT,CN,63.75,-68.55
71912,GILLAM,MB,CN,56.37,-94.7
71913,CHURCHILL,MB,CN,58.73,-94.07
71915,CORAL HARBOUR,NT,CN,64.19,-83.37
71916,CHESTERFIELD,NT,CN,63.33,-90.72
71917,EUREKA,NT,CN,80,-85.93
71920,CREE LAKE,SK,CN,57.35,-107.13
71922,LA RONGE,SK,CN,55.15,-105.27
71923,ENNADAI LAKE,NT,CN,61.13,-100.9
71924,RESOLUTE BAY,NT,CN,74.72,-94.95
71925,CAMBRIDGE BAY,NT,CN,69.1,-105.13
71926,BAKER LAKE,NT,CN,64.3,-96.08
71928,ROCKY MT. HOUSE,AB,CN,52.43,-114.92
71930,WHITECOURT,AB,CN,54.15,-115.78
71931,LAC LA BICHE,AB,CN,54.77,-112.02
71932,FORT MCMURRAY,AB,CN,56.65,-111.22
71933,FORT CHIPEWYAN,AB,CN,58.77,-111.12
71934,FORT SMITH,NT,CN,60.02,-111.97
71935,HAY RIVER,NT,CN,60.83,-115.78
71936,YELLOWKNIFE,NT,CN,62.47,-114.43
71938,COPPERMINE,NT,CN,67.82,-115.13
71940,GRANDE PRAIRIE,AB,CN,55.18,-118.88
71943,FORT ST. JOHN,BC,CN,56.23,-120.73
71944,MACKENZIE,BC,CN,55.3,-123.13
71945,FORT NELSON,BC,CN,58.83,-122.6
71946,FORT SIMPSON,NT,CN,61.75,-121.23
71950,SMITHERS,BC,CN,54.82,-127.18
71951,TERRACE,BC,CN,54.47,-128.58
71952,BURNS LAKE,BC,CN,54.23,-125.77
71953,WATSON LAKE,YT,CN,60.12,-128.82
71957,INUVIK,NT,CN,68.3,-133.48
71958,DEASE LAKE,BC,CN,58.42,-130
71964,WHITEHORSE,YT,CN,60.72,-135.07
71965,MAYO LANDING,YT,CN,63.62,-135.87
71966,DAWSON,YT,CN,64.05,-139.13
71967,BURWASH,YT,CN,61.37,-139.05
72201,KEY WEST,FL,US,24.55,-81.75
72202,MIAMI,FL,US,25.8,-80.28
72203,WEST PALM BEACH,FL,US,26.68,-80.1
72204,VERO BEACH,FL,US,27.65,-80.41
72205,ORLANDO,FL,US,28.43,-81.32
72206,JACKSONVILLE,FL,US,30.5,-81.69
72207,SAVANNAH,GA,US,32.13,-81.2
72208,CHARLESTON,SC,US,32.9,-80.03
72210,TAMPA BAY AREA,FL,US,27.7,-82.4
72211,TAMPA,FL,US,27.97,-82.53
72212,CROSS CITY,FL,US,29.62,-83.1
72213,WAYCROSS/WARE C,GA,US,31.25,-82.4
72214,TALLAHASSEE,FL,US,30.38,-84.37
72215,PEACHTREE CITY,GA,US,33.36,-84.56
72217,MACON,GA,US,32.7,-83.65
72218,AUGUSTA,GA,US,33.37,-81.97
72219,ATLANTA,GA,US,33.65,-84.43
72220,APALACHICOLA,FL,US,29.73,-85.03
72221,CRESTVIEW,FL,US,30.78,-86.51
72222,PENSACOLA,FL,US,30.47,-87.2
72223,MOBILE,AL,US,30.68,-88.25
72225,COLUMBUS METRO ARPT,GA,US,32.51,-84.93
72226,MONTGOMERY,AL,US,32.3,-86.4
72228,BIRMINGHAM,AL,US,33.57,-86.75
72229,CENTREVILLE WSM,AL,US,32.9,-87.25
72230,SHELBY CO AIRPT,AL,US,33.17,-86.77
72231,NEW ORLEANS/MOISANT,LA,US,29.98,-90.25
72232,BOOTHVILLE,LA,US,29.33,-89.4
72233,SLIDELL,LA,US,30.25,-89.77
72234,MERIDIAN,MS,US,32.33,-88.75
72235,JACKSON,MS,US,32.32,-90.08
72239,FORT POLK (ARMY,LA,US,31.05,-93.2
72240,LAKE CHARLES,LA,US,30.13,-93.22
72242,GALVESTON,TX,US,29.3,-94.8
72243,HOUSTON,TX,US,29.97,-95.35
72247,LONGVIEW,TX,US,32.35,-94.65
72248,SHREVEPORT,LA,US,32.47,-93.82
72249,FORT WORTH,TX,US,32.79,-97.3
72250,BROWNSVILLE,TX,US,25.9,-97.43
72251,CORPUS CHRISTI,TX,US,27.77,-97.5
72252,LAREDO,TX,US,27.53,-99.47
72253,SAN ANTONIO,TX,US,29.53,-98.47
72254,AUSTIN,TX,US,30.3,-97.7
72255,VICTORIA,TX,US,28.85,-96.92
72256,WACO,TX,US,31.62,-97.23
72257,FT HOOD AAF/KIL,TX,US,31.15,-97.72
72258,PARIS,TX,US,33.63,-95.45
72259,DALLAS-FORT WORTH,TX,US,32.9,-97.03
72260,STEPHENVILLE,TX,US,32.22,-98.18
72261,DEL RIO,TX,US,29.37,-100.92
72262,GUADALUPE PASS,TX,US,31.83,-104.8
72263,SAN ANGELO,TX,US,31.37,-100.5
72264,MARFA,TX,US,30.37,-104.02
72265,MIDLAND,TX,US,31.95,-102.18
72266,ABILENE,TX,US,32.41,-99.68
72267,LUBBOCK,TX,US,33.65,-101.82
72268,ROSWELL,NM,US,33.3,-104.53
72270,EL PASO,TX,US,31.8,-106.4
72271,TRUTH OR CONSEQUENCES,NM,US,33.23,-107.27
72273,FORT HUACHUCA,AZ,US,31.6,-110.35
72274,TUCSON,AZ,US,32.12,-110.93
72278,PHOENIX,AZ,US,33.43,-112.02
72280,YUMA,AZ,US,32.66,-114.6
72281,EL_CENTRO_NAF,CA,US,32.82,-115.68
72286,RIVERSIDE MUNI,CA,US,33.95,-117.45
72288,VAN NUYS,CA,US,34.21,-118.48
72290,SAN DIEGO/LINDBERGH,CA,US,32.73,-117.17
72291,SAN_NICOLAS_ISLAND,CA,US,33.23,-119.45
72293,SAN DIEGO/MONTG,CA,US,32.82,-117.13
72295,LOS ANGELES,CA,US,33.93,-118.4
72297,SANTA ANA-ORANGE CO.,CA,US,33.66,-117.88
72303,FAYETTEVILLE,NC,US,35,-78.88
72304,HATTERAS,NC,US,35.27,-75.55
72305,MOREHEAD CITY/N,NC,US,34.7,-76.8
72306,RALEIGH-DURHAM,NC,US,35.87,-78.78
72308,NORFOLK,VA,US,36.9,-76.19
72309,NEW RIVER MCAS,NC,US,34.7,-77.43
72310,COLUMBIA,SC,US,33.95,-81.12
72311,ATHENS,GA,US,33.95,-83.33
72312,GREENVILLE,SC,US,34.9,-82.22
72314,CHARLOTTE,NC,US,35.22,-80.93
72315,ASHEVILLE,NC,US,35.43,-82.53
72317,GREENSBORO,NC,US,36.08,-79.94
72318,BLACKSBURG,VA,US,37.21,-80.41
72319,WINSTON SALEM,NC,US,36.13,-80.23
72320,ROME,GA,US,34.34,-85.17
72323,HUNTSVILLE,AL,US,34.65,-86.77
72324,CHATTANOOGA,TN,US,35.03,-85.2
72326,KNOXVILLE,TN,US,35.82,-83.98
72327,NASHVILLE,TN,US,36.13,-86.68
72329,LONDON,KY,US,37.08,-84.08
72330,POPLAR BLUFF,MO,US,36.77,-90.47
72334,MEMPHIS,TN,US,35.05,-90
72340,LITTLE ROCK,AR,US,34.83,-92.27
72341,PAGE,OK,US,34.68,-94.62
72344,FORT SMITH,AR,US,35.33,-94.37
72348,WEST PLAINS,MO,US,36.73,-91.85
72349,MONETT,MO,US,36.88,-93.9
72351,WICHITA FALLS,TX,US,33.97,-98.48
72352,GAGE,OK,US,36.3,-99.76
72353,OKLAHOMA CITY,OK,US,35.4,-97.6
72354,PONCA CITY,OK,US,36.73,-97.1
72355,ARDMORE,OK,US,34.3,-97.01
72356,TULSA,OK,US,36.2,-95.9
72357,NORMAN,OK,US,35.22,-97.47
72360,CLAYTON,NM,US,36.45,-103.15
72363,AMARILLO,TX,US,35.23,-101.7
72364,SANTA TERESA,NM,US,31.9,-106.7
72365,ALBUQUERQUE,NM,US,35.05,-106.62
72370,KINGMAN,AZ,US,35.27,-113.95
72371,PAGE,AZ,US,36.93,-111.45
72374,WINSLOW,AZ,US,35.02,-110.72
72376,FLAGSTAFF,AZ,US,35.23,-111.82
72381,EDWARDS AFB,CA,US,34.9,-117.88
72383,SANDBURG,CA,US,34.75,-118.73
72384,BAKERSFIELD,CA,US,35.43,-119.05
72386,LAS VEGAS,NV,US,36.08,-115.17
72387,MERCURY/DESERT,NV,US,36.61,-116.02
72389,FRESNO,CA,US,36.77,-119.72
72391,PT MUGU NAS,CA,US,34.11,-119.11
72393,VANDENBERG_AFB,CA,US,34.73,-120.58
72394,SANTA MARIA,CA,US,34.9,-120.45
72401,RICHMOND/BYRD,VA,US,37.5,-77.32
72402,WALLOPS IS.,VA,US,37.85,-75.48
72403,DULLES AIRPORT,VA,US,38.95,-77.44
72404,SALISBURY,MD,US,38.33,-75.5
72405,WASHINGTON/NATIONAL,DC,US,38.84,-77.03
72406,BALTIMORE/FRIENDSHIP,MD,US,39.18,-76.67
72407,ATLANTIC CITY,NJ,US,39.45,-74.58
72408,PHILADELPHIA,PA,US,39.88,-75.25
72410,LYNCHBURG,VA,US,37.33,-79.2
72411,ROANOKE,VA,US,37.32,-79.98
72412,BECKLEY,WV,US,37.78,-81.12
72414,CHARLESTON,WV,US,38.37,-81.6
72421,CINCINNATI,OH,US,39.05,-84.67
72422,LEXINGTON,KY,US,38.03,-84.6
72423,LOUISVILLE/STANDIFORD,KY,US,38.18,-85.73
72424,FORT KNOX/GODMA,KY,US,37.9,-85.97
72425,HUNTINGTON,WV,US,38.37,-82.55
72426,WILMINGTON,OH,US,39.42,-83.72
72427,WHEELING,WV,US,40.18,-80.65
72428,COLUMBUS,OH,US,40,-82.88
72429,DAYTON,OH,US,39.9,-84.22
72432,EVANSVILLE,IN,US,38.05,-87.53
72433,SALEM-LECKRONE,IL,US,38.65,-88.97
72434,ST. LOUIS,MO,US,38.75,-90.37
72435,PADUCAH,KY,US,37.07,-88.77
72437,BLOOMINGTON,IN,US,39.13,-86.61
72438,INDIANAPOLIS,IN,US,39.73,-86.28
72439,SPRINGFIELD,IL,US,39.83,-89.67
72440,SPRINGFIELD,MO,US,37.23,-93.38
72445,COLUMBIA,MO,US,38.82,-92.22
72446,KANSAS CITY/INTL.,MO,US,39.32,-94.72
72450,WICHITA,KS,US,37.65,-97.43
72451,DODGE CITY,KS,US,37.77,-99.97
72452,MEDICINE LODGE,KS,US,37.3,-98.58
72455,EMPORIA,KS,US,38.33,-96.2
72456,TOPEKA,KS,US,39.07,-95.62
72458,CONCORDIA,KS,US,39.55,-97.65
72460,ELKHART,KS,US,37,-101.88
72462,ALAMOSA,CO,US,37.45,-105.87
72464,PUEBLO,CO,US,38.28,-104.52
72465,GOODLAND,KS,US,39.37,-101.7
72466,ENGLEWOOD/ARAPAHOE,CO,US,37.56,-104.83
72468,FORT CARSON/BUT,CO,US,38.68,-104.77
72469,DENVER,CO,US,39.75,-104.87
72470,PRICE,UT,US,39.62,-110.75
72472,BLANDING,UT,US,37.62,-109.47
72476,GRAND JUNCTION,CO,US,39.12,-108.52
72481,MERCED MUNICIPAL,CA,US,37.28,-120.51
72483,SACRAMENTO,CA,US,38.52,-121.5
72485,TONOPAH,NV,US,38.07,-117.08
72486,ELY,NV,US,39.28,-114.85
72488,RENO,NV,US,39.5,-119.77
72489,RENO,NV,US,39.57,-119.79
72491,MONTEREY NAF,CA,US,36.6,-121.85
72492,STOCKTON,CA,US,37.9,-121.25
72493,CONCORD/BUCHANAN,CA,US,37.98,-122.05
72494,SAN FRANCISCO,CA,US,37.62,-122.38
72501,BROOKHAVEN,NY,US,40.87,-72.86
72502,TETERBORO,NJ,US,40.85,-74.05
72503,NEW YORK/LA GUARDIA,NY,US,40.77,-73.9
72504,BRIDGEPORT,CT,US,41.17,-73.13
72506,NANTUCKET,MA,US,41.25,-70.07
72507,PROVIDENCE,RI,US,41.73,-71.43
72508,HARTFORD,CT,US,41.93,-72.68
72509,BOSTON/LOGAN,MA,US,42.37,-71.03
72511,LANCASTER,PA,US,40.13,-76.3
72512,PHILIPSBURG,PA,US,40.88,-78.08
72513,WILKES-BARRE,PA,US,41.33,-75.73
72514,WILLIAMSPORT,PA,US,41.25,-76.92
72515,BINGHAMTON,NY,US,42.22,-75.98
72517,ALLENTOWN,PA,US,40.65,-75.43
72518,ALBANY,NY,US,42.75,-73.8
72519,SYRACUSE,NY,US,43.12,-76.12
72520,PITTSBURGH,PA,US,40.5,-80.23
72521,AKRON,OH,US,40.92,-81.43
72523,DANSVILLE,NY,US,42.57,-77.72
72524,CLEVELAND/HOPKINS,OH,US,41.4,-81.85
72525,YOUNGSTOWN,OH,US,41.27,-80.67
72526,FRANKLIN,PA,US,41.38,-79.86
72528,BUFFALO,NY,US,42.93,-78.73
72529,ROCHESTER,NY,US,43.12,-77.67
72530,CHICAGO/O'HARE,IL,US,41.98,-87.9
72532,PEORIA,IL,US,40.66,-89.68
72533,FORT WAYNE,IN,US,41,-85.2
72534,CHICAGO/MIDWAY,IL,US,41.78,-87.75
72535,SOUTH BEND,IN,US,41.7,-86.32
72536,TOLEDO,OH,US,41.6,-83.8
72537,DETROIT,MI,US,42.23,-83.33
72539,BATTLE CREEK,MI,US,42.3,-85.23
72540,SPICKARD,MO,US,40.25,-93.72
72543,ROCKFORD,IL,US,42.2,-89.1
72544,MOLINE,IL,US,41.45,-90.52
72545,BURLINGTON,IA,US,40.78,-91.11
72546,DES MOINES,IA,US,41.53,-93.65
72547,DUBUQUE,IA,US,42.4,-90.7
72548,MASON CITY,IA,US,43.15,-93.33
72549,FORT DODGE,IA,US,42.55,-94.18
72550,OMAHA/EPPLEY,NE,US,41.3,-95.9
72551,BEATRICE,NE,US,40.31,-96.75
72552,GRAND ISLAND,NE,US,40.97,-98.32
72553,NORTH OMAHA,NE,US,41.37,-96.02
72554,OFFUT AFB,NE,US,41.11,-95.9
72556,NORFOLK,NE,US,41.98,-97.43
72557,SIOUX CITY,IA,US,42.4,-96.38
72558,VALLEY,NE,US,41.32,-96.37
72561,SIDNEY,NE,US,41.1,-102.98
72562,NORTH PLATTE,NE,US,41.13,-100.68
72563,CHADRON,NE,US,42.83,-103.08
72564,CHEYENNE,WY,US,41.15,-104.82
72566,SCOTTS BLUFF CO.,NE,US,41.86,-103.6
72567,VALENTINE,NE,US,42.87,-100.55
72569,CASPER,WY,US,42.92,-106.47
72572,SALT LAKE CITY,UT,US,40.78,-111.97
72574,RAWLINS,WY,US,41.8,-107.2
72576,LANDER,WY,US,42.82,-108.73
72578,POCATELLO,ID,US,42.92,-112.6
72581,WENDOVER,NV,US,40.72,-114.03
72582,ELKO,NV,US,40.87,-115.73
72583,WINNEMUCCA,NV,US,40.9,-117.8
72591,RED BLUFF,CA,US,40.15,-122.25
72594,EUREKA,CA,US,40.8,-124.17
72597,MEDFORD,OR,US,42.37,-122.87
72604,FRANCONIA,NH,US,44.22,-71.75
72605,CONCORD,NH,US,43.2,-71.5
72606,PORTLAND,ME,US,43.65,-70.32
72608,EASTPORT,ME,US,44.92,-67
72613,MT. WASHINGTON,NH,US,44.27,-71.3
72617,BURLINGTON,VT,US,44.47,-73.15
72618,RUMFORD,ME,US,44.53,-70.53
72632,DETROIT/PONTIAC,MI,US,42.7,-83.47
72634,GAYLORD,MI,US,44.91,-84.72
72635,GRAND RAPIDS,MI,US,42.88,-85.52
72636,MUSKEGON,MI,US,43.17,-86.23
72637,FLINT,MI,US,42.97,-83.73
72638,HOUGHTON LAKE,MI,US,44.37,-84.67
72639,ALPENA,MI,US,45.07,-83.57
72640,MILWAUKEE,WI,US,42.95,-87.9
72641,MADISON,WI,US,43.13,-89.33
72643,VOLK FIELD,WI,US,43.93,-90.26
72644,ROCHESTER,MN,US,43.92,-92.5
72645,GREEN BAY,WI,US,44.48,-88.13
72646,MOSINEE,WI,US,44.78,-89.66
72648,ESCENABA,MI,US,45.75,-87.05
72649,CHANHASSEN,MN,US,44.85,-93.57
72650,SPENCER,IA,US,43.17,-95.15
72651,SIOUX FALLS,SD,US,43.58,-96.73
72652,PICKSTOWN,SD,US,43.07,-98.53
72653,CHAMBERLAIN,SD,US,43.8,-99.32
72654,HURON,SD,US,44.38,-98.23
72655,ST. CLOUD,MN,US,45.55,-94.07
72658,MINNEAPOLIS,MN,US,44.88,-93.22
72659,ABERDEEN,SD,US,45.45,-98.42
72661,REDIG,SD,US,45.27,-103.53
72662,RAPID CITY,SD,US,44.05,-103.07
72665,GILLETTE,WY,US,44.35,-105.53
72666,SHERIDAN,WY,US,44.77,-106.98
72670,CODY,WY,US,44.52,-109.02
72671,BIG PINEY,WY,US,42.53,-110.12
72672,RIVERTON,WY,US,43.01,-108.5
72677,BILLINGS,MT,US,45.8,-108.53
72681,BOISE,ID,US,43.57,-116.23
72683,BURNS,OR,US,43.58,-119.05
72688,PENDLETON,OR,US,45.68,-118.85
72693,EUGENE,OR,US,44.12,-123.22
72694,SALEM,OR,US,44.92,-123.02
72698,PORTLAND,OR,US,45.6,-122.6
72712,CARIBOU,ME,US,46.87,-68.01
72734,SAULT STE. MARIE,MI,US,46.48,-84.37
72741,PARK FALLS,WI,US,45.93,-90.45
72743,MARQUETTE,MI,US,46.53,-87.55
72744,IRONWOOD,MI,US,46.53,-90.13
72745,DULUTH,MN,US,46.83,-92.18
72747,INTERNATIONAL FALLS,MN,US,48.57,-93.38
72753,FARGO,ND,US,46.9,-96.8
72755,BEMIDJI,MN,US,47.5,-94.93
72757,DEVIL'S LAKE,ND,US,48.12,-98.87
72758,DEVIL'S LAKE,ND,US,48.1,-98.87
72764,BISMARCK,ND,US,46.78,-100.75
72767,WILLISTON,ND,US,48.18,-103.63
72768,GLASGOW,MT,US,48.22,-106.62
72772,HELENA,MT,US,46.6,-112
72773,MISSOULA,MT,US,46.92,-114.08
72775,GREAT FALLS,MT,US,47.48,-111.37
72776,GREAT_FALLS,MT,US,47.46,-111.38
72777,HAVRE,MT,US,48.55,-109.77
72779,KALISPELL,MT,US,48.3,-114.27
72781,YAKIMA,WA,US,46.57,-120.53
72783,LEWISTON,ID,US,46.38,-117.02
72784,HANFORD,WA,US,46.57,-119.58
72785,SPOKANE,WA,US,47.62,-117.53
72786,SPOKANE,WA,US,47.7,-117.6
72788,WALLA WALLA,WA,US,46.1,-118.28
72789,OMAK,WA,US,48.42,-119.53
72791,ASTORIA,OR,US,46.15,-123.88
72792,OLYMPIA,WA,US,46.97,-122.9
72793,SEATTLE-TACOMA,WA,US,47.45,-122.3
72797,QUILLAYUTE,WA,US,47.95,-124.55
74002,ABERDEEN AFB,MD,US,39.47,-76.07
74004,YUMA_PRVG_GROUNDS_&,AZ,US,32.5,-114.4
74206,MCCHORD AFB,WA,US,47.15,-122.48
74207,FT. LEWIS,WA,US,47.08,-122.58
74370,FORT_DRUM/WHEELER,NY,US,44.05,-75.73
74389,GRAY,ME,US,43.89,-70.26
74392,BRUNSWICK NAS,ME,US,43.88,-69.93
74455,QUAD CITIES,IA,US,41.61,-90.57
74460,MARSEILLES,IL,US,41.37,-88.68
74486,NEW YORK/KENNEDY,NY,US,40.65,-73.78
74492,BLUE HILL,NY,US,42.22,-71.12
74494,CHATHAM,MA,US,41.67,-69.97
74506,ALAMEDA NAS,CA,US,37.78,-122.31
74509,MOFFET NAS,CA,US,37.41,-122.05
74516,TRAVIS AFB,CA,US,38.26,-121.93
74520,MILFORD,UT,US,38.26,-113.01
74531,AIR_FORCE_ACADEMY,CO,US,38.97,-104.82
74560,LINCOLN,IL,US,40.15,-89.34
74570,WRIGHT PATTERSON AFB,OH,US,39.83,-84.05
74594,ANDREWS AFB,MD,US,38.81,-76.85
74598,LANGLEY AFB,VA,US,37.08,-76.35
74611,BICYCLE_LAKE_(AAF)&,CA,US,35.28,-116.62
74612,CHINA LAKE NAF,CA,US,35.68,-117.68
74619,SUPERIOR_VLLY_GNRY,CA,US,36.33,-117.1
74671,BOWLING GREEN,KY,US,36.96,-86.43
74693,FORT BRAGG,NC,US,35.13,-78.93
74702,LEMOORE NAS,CA,US,36.33,-119.95
74724,GILA_BEND_(AAF),AZ,US,32.88,-112.72
74732,HOLLOMAN AFB,NM,US,32.85,-106.1
74740,JUNCTION,TX,US,30.5,-99.77
74754,ENGLAND AFB,LA,US,31.31,-92.55
74755,CLAIBORNE_RNG_(AFS),LA,US,31.13,-92.57
74775,TYNDALL AFB,FL,US,30.06,-85.58
74777,HURLBURT FIELD,FL,US,30.41,-86.68
74788,MACDILL AFB,FL,US,27.85,-82.5
74790,SHAW AFB,SC,US,33.96,-80.48
74791,MYRTLE BEACH AFB,SC,US,33.68,-78.93
74794,CAPE CANAVERAL,FL,US,28.47,-80.55
